{"Game":"Stellaris","IsSelected":true,"MergedFolderName":null,"ModIds":[{"ParadoxId":null,"SteamId":1995601384},{"ParadoxId":null,"SteamId":1630649870},{"ParadoxId":null,"SteamId":681576508},{"ParadoxId":null,"SteamId":2512152163},{"ParadoxId":null,"SteamId":1960052542},{"ParadoxId":null,"SteamId":1419304439},{"ParadoxId":null,"SteamId":1481972266},{"ParadoxId":null,"SteamId":2288335512},{"ParadoxId":null,"SteamId":1504307690},{"ParadoxId":null,"SteamId":1346877266},{"ParadoxId":null,"SteamId":1993869579},{"ParadoxId":null,"SteamId":1587178040},{"ParadoxId":null,"SteamId":1371678806},{"ParadoxId":null,"SteamId":682691478},{"ParadoxId":null,"SteamId":2780180614},{"ParadoxId":null,"SteamId":2458024521},{"ParadoxId":null,"SteamId":1227620643},{"ParadoxId":null,"SteamId":2871561309},{"ParadoxId":null,"SteamId":2493028212},{"ParadoxId":null,"SteamId":2517213262},{"ParadoxId":null,"SteamId":2784515597},{"ParadoxId":null,"SteamId":1998204784},{"ParadoxId":null,"SteamId":2574175110},{"ParadoxId":null,"SteamId":1641807098},{"ParadoxId":null,"SteamId":1359700418},{"ParadoxId":null,"SteamId":2867680338},{"ParadoxId":null,"SteamId":2976573664},{"ParadoxId":null,"SteamId":946222466},{"ParadoxId":null,"SteamId":2788839315},{"ParadoxId":null,"SteamId":2791790642},{"ParadoxId":null,"SteamId":2895613344},{"ParadoxId":null,"SteamId":2801950004},{"ParadoxId":null,"SteamId":2807778592},{"ParadoxId":null,"SteamId":2648658105},{"ParadoxId":null,"SteamId":2774987343},{"ParadoxId":null,"SteamId":1121692237},{"ParadoxId":null,"SteamId":2806903835},{"ParadoxId":null,"SteamId":865040033},{"ParadoxId":null,"SteamId":1793768254},{"ParadoxId":null,"SteamId":2177145527},{"ParadoxId":null,"SteamId":2499031295},{"ParadoxId":null,"SteamId":2441507863},{"ParadoxId":null,"SteamId":2901881726},{"ParadoxId":null,"SteamId":2962431363},{"ParadoxId":null,"SteamId":2123646681},{"ParadoxId":null,"SteamId":2652578379},{"ParadoxId":null,"SteamId":727000451},{"ParadoxId":null,"SteamId":2808547642},{"ParadoxId":null,"SteamId":2898686274},{"ParadoxId":null,"SteamId":2904177952},{"ParadoxId":null,"SteamId":819148835},{"ParadoxId":null,"SteamId":2686810902},{"ParadoxId":null,"SteamId":1732437279},{"ParadoxId":null,"SteamId":2284514368},{"ParadoxId":null,"SteamId":1732447147},{"ParadoxId":null,"SteamId":1878751971},{"ParadoxId":null,"SteamId":1960179456},{"ParadoxId":null,"SteamId":1740165239},{"ParadoxId":null,"SteamId":1807850864},{"ParadoxId":null,"SteamId":2898623879},{"ParadoxId":null,"SteamId":2785777242},{"ParadoxId":null,"SteamId":2305790641},{"ParadoxId":null,"SteamId":1999328266},{"ParadoxId":null,"SteamId":2461999384},{"ParadoxId":null,"SteamId":2464420842},{"ParadoxId":null,"SteamId":2904397972},{"ParadoxId":null,"SteamId":2652300246},{"ParadoxId":null,"SteamId":2820330517},{"ParadoxId":null,"SteamId":2436408502},{"ParadoxId":null,"SteamId":2815767345},{"ParadoxId":null,"SteamId":2247594997},{"ParadoxId":null,"SteamId":2790961377},{"ParadoxId":null,"SteamId":2494712590},{"ParadoxId":null,"SteamId":1592149666},{"ParadoxId":null,"SteamId":2958421797},{"ParadoxId":null,"SteamId":2438313459},{"ParadoxId":null,"SteamId":1610578060},{"ParadoxId":null,"SteamId":1928831043},{"ParadoxId":null,"SteamId":924990631},{"ParadoxId":null,"SteamId":2786268200},{"ParadoxId":null,"SteamId":2811428998},{"ParadoxId":null,"SteamId":2872760980},{"ParadoxId":null,"SteamId":2863854446},{"ParadoxId":null,"SteamId":1355094979},{"ParadoxId":null,"SteamId":2717193796},{"ParadoxId":null,"SteamId":1647628520},{"ParadoxId":null,"SteamId":937289339},{"ParadoxId":null,"SteamId":1887282318},{"ParadoxId":null,"SteamId":2245219565},{"ParadoxId":null,"SteamId":2798297351},{"ParadoxId":null,"SteamId":2798300015},{"ParadoxId":null,"SteamId":1659533826},{"ParadoxId":null,"SteamId":850721710},{"ParadoxId":null,"SteamId":1455861246},{"ParadoxId":null,"SteamId":1620838511},{"ParadoxId":null,"SteamId":1623423360},{"ParadoxId":null,"SteamId":1623423504},{"ParadoxId":null,"SteamId":1628912584},{"ParadoxId":null,"SteamId":2607042792},{"ParadoxId":null,"SteamId":2956750503},{"ParadoxId":null,"SteamId":1890399946},{"ParadoxId":null,"SteamId":1880893750},{"ParadoxId":null,"SteamId":1780481482},{"ParadoxId":null,"SteamId":2463806387},{"ParadoxId":null,"SteamId":2877750087},{"ParadoxId":null,"SteamId":2821711162},{"ParadoxId":null,"SteamId":2807759164},{"ParadoxId":null,"SteamId":1688887083}],"ModNames":["~~Ariphaos Unofficial Patch (3.8)","36 Building Slots","Additional Traits","Agreements Boost Diplomatic Weight","Amazing Civics - Megacorp","Ancient Cache of Technologies","Ancient Cache of Technologies : Secrets Beyond The Gates","Ancient Cache of Technologies: Extra Defines and Changes","Ancient Cache of Technologies: Override","APSR: Anomalies, Planetary and Space Resources","Archaeology Story Pack","Bigger Planet View","Colossus Terraforming","Cybrxkhan's Assortment of Namelists for Stellaris","Cross Border Trade","Dynamic Mod Menu [3.8.*]","Dynamic Political Events","Electroids","End Truce & Close Borders","Ethics & Civics: Bug Branch","EUTAB - Ethos Unique Techs and Buildings | Unofficial Update (3.8.X)","Even More Origins","Expanded Espionage and Diplomacy","Expanded Events","Expanded Starbases","ACOT Starbases X Expanded Starbases","Expanded Stellaris Ascension Perks 3.8","Expanded Stellaris Traditions","Extended Aquatics","Extended Humanoids","Extended Lithoids","Extended Machines","Extra Events 3.8 Continued","Extra Ship Components NEXT","Galactic Imperial Tax","Gigastructural Engineering & More (3.8)","Government Variety Pack","Guilli's Planet Modifiers and Features","Guilli's Technologies","Intervene: Help Friendly Nations - FunEFork","Leader Traits: All Eligible Species Traits","Machine & Robot Expansion","Magnificent Megastructures: Lithoids","Megastructures Tradition","Merged Leader Levels","More Emperor & Custodian Resolutions, and Galactic Unification","More Events Mod","More Starbase Slots for Expanded Starbases","NightaKaldorei","No Default Empires (3.8.x)","Planetary Diversity","Penal Colony: Enhanced","Planetary Diversity - Exotic Worlds","Planetary Diversity - Gaia Worlds","Planetary Diversity - More Arcologies","Planetary Diversity - Planetary Habitats","Planetary Diversity - Shroud Worlds","Planetary Diversity - Unique Worlds","Planetary Diversity - Reworked Habitability","Planetary Diversity + Guilli's Technologies Compatibility","Planetary Bugversity (PD + BB Patch)","Planetary Wonders","Precursor Story Pack","Psionic Species Expansion","Psionic Species Expansion - Gigastructural Engineering","Repeatable Megastructure Boosts [Gigastructures]","SE - Restyled","Secrets of the Shroud","Simple Traditions","Smarter Hyper Relays: Improved AI (shrimpAI)","Societal Advancement (fixed)","Spaceborne Civs Expanded","StarTech AI","Technology Repeated","The Zenith of Fallen Empires 4.0","Tidy Tradition 3.8","Tiny Outliner v2","Trait Diversity","Ultimate Technologies","Under Siege","Unique Ascension Perks 3.8 DEV branch","V_TRAITS","[3.8/3.7/3.6]Gigas Stellar Manipulation: REBORN","[3.8] Claims Decay - Dynamic Diplomacy","[3.8] Empires Expanded","More Civics","Real Space 3.8","Real Space - System Scale","System Scale/AOT Compatability Patch","Sort Those Buildings","Sort Those Buildings - More Events Mod","Species Traits","(-United Traits-)","Technology Ascendant","z Expanded Traits, Civics, Pops, and More","UI Overhaul Dynamic","UI Overhaul Dynamic + Planetary Diversity","UI Overhaul Dynamic + Tiny Outliner v2","UI Overhaul Dynamic + Bug Branch","UI Overhaul Dynamic - More Tradition Categories (80)","UI Overhaul Dynamic - Ascension Slots","UI Overhaul Dynamic - Checksum Schism Version","UI Overhaul Dynamic - Extended Topbar","Psionic Species Expansion - UI Overhaul Dynamic Patch","! Sartek District and Economy Merger Add-on","! Sartek Tradition - Ascension Perk Merger","! The Merger of Rules 3.8","!!Universal Modifier Patch (3.8.*)"],"ModPaths":null,"Mods":["mod/ugc_1995601384.mod","mod/ugc_1630649870.mod","mod/ugc_681576508.mod","mod/ugc_2512152163.mod","mod/ugc_1960052542.mod","mod/ugc_1419304439.mod","mod/ugc_1481972266.mod","mod/ugc_2288335512.mod","mod/ugc_1504307690.mod","mod/ugc_1346877266.mod","mod/ugc_1993869579.mod","mod/ugc_1587178040.mod","mod/ugc_1371678806.mod","mod/ugc_682691478.mod","mod/ugc_2780180614.mod","mod/ugc_2458024521.mod","mod/ugc_1227620643.mod","mod/ugc_2871561309.mod","mod/ugc_2493028212.mod","mod/ugc_2517213262.mod","mod/ugc_2784515597.mod","mod/ugc_1998204784.mod","mod/ugc_2574175110.mod","mod/ugc_1641807098.mod","mod/ugc_1359700418.mod","mod/ugc_2867680338.mod","mod/ugc_2976573664.mod","mod/ugc_946222466.mod","mod/ugc_2788839315.mod","mod/ugc_2791790642.mod","mod/ugc_2895613344.mod","mod/ugc_2801950004.mod","mod/ugc_2807778592.mod","mod/ugc_2648658105.mod","mod/ugc_2774987343.mod","mod/ugc_1121692237.mod","mod/ugc_2806903835.mod","mod/ugc_865040033.mod","mod/ugc_1793768254.mod","mod/ugc_2177145527.mod","mod/ugc_2499031295.mod","mod/ugc_2441507863.mod","mod/ugc_2901881726.mod","mod/ugc_2962431363.mod","mod/ugc_2123646681.mod","mod/ugc_2652578379.mod","mod/ugc_727000451.mod","mod/ugc_2808547642.mod","mod/ugc_2898686274.mod","mod/ugc_2904177952.mod","mod/ugc_819148835.mod","mod/ugc_2686810902.mod","mod/ugc_1732437279.mod","mod/ugc_2284514368.mod","mod/ugc_1732447147.mod","mod/ugc_1878751971.mod","mod/ugc_1960179456.mod","mod/ugc_1740165239.mod","mod/ugc_1807850864.mod","mod/ugc_2898623879.mod","mod/ugc_2785777242.mod","mod/ugc_2305790641.mod","mod/ugc_1999328266.mod","mod/ugc_2461999384.mod","mod/ugc_2464420842.mod","mod/ugc_2904397972.mod","mod/ugc_2652300246.mod","mod/ugc_2820330517.mod","mod/ugc_2436408502.mod","mod/ugc_2815767345.mod","mod/ugc_2247594997.mod","mod/ugc_2790961377.mod","mod/ugc_2494712590.mod","mod/ugc_1592149666.mod","mod/ugc_2958421797.mod","mod/ugc_2438313459.mod","mod/ugc_1610578060.mod","mod/ugc_1928831043.mod","mod/ugc_924990631.mod","mod/ugc_2786268200.mod","mod/ugc_2811428998.mod","mod/ugc_2872760980.mod","mod/ugc_2863854446.mod","mod/ugc_1355094979.mod","mod/ugc_2717193796.mod","mod/ugc_1647628520.mod","mod/ugc_937289339.mod","mod/ugc_1887282318.mod","mod/ugc_2245219565.mod","mod/ugc_2798297351.mod","mod/ugc_2798300015.mod","mod/ugc_1659533826.mod","mod/ugc_850721710.mod","mod/ugc_1455861246.mod","mod/ugc_1620838511.mod","mod/ugc_1623423360.mod","mod/ugc_1623423504.mod","mod/ugc_1628912584.mod","mod/ugc_2607042792.mod","mod/ugc_2956750503.mod","mod/ugc_1890399946.mod","mod/ugc_1880893750.mod","mod/ugc_1780481482.mod","mod/ugc_2463806387.mod","mod/ugc_2877750087.mod","mod/ugc_2821711162.mod","mod/ugc_2807759164.mod","mod/ugc_1688887083.mod"],"Name":"Salt Lick","PatchModEnabled":true}